Specification,Section,Requirement,Priority,Status,Compliance,Implementation Location,Issues,Notes
tor-spec.txt,3,Link Protocol,MUST,Implemented,COMPLETE,pkg/protocol/protocol.go,None,Versions 3-5 supported
tor-spec.txt,3.1,Handshake,MUST,Implemented,COMPLETE,pkg/protocol/protocol.go,None,Version negotiation working
tor-spec.txt,4,Cell Format,MUST,Implemented,COMPLETE,pkg/cell/cell.go,None,Fixed and variable-length cells
tor-spec.txt,5.1,CREATE and CREATED cells,MUST,Implemented,COMPLETE,pkg/circuit/extension.go,None,CREATE2/CREATED2 only
tor-spec.txt,5.1,EXTEND and EXTENDED cells,MUST,Implemented,COMPLETE,pkg/circuit/extension.go,None,EXTEND2/EXTENDED2 only
tor-spec.txt,5.5,KDF-TOR,MUST,Implemented,COMPLETE,pkg/crypto/kdf.go,None,Key derivation working
tor-spec.txt,6,Relay Cells,MUST,Implemented,COMPLETE,pkg/cell/relay.go,None,All major relay types
tor-spec.txt,6.1,RELAY_BEGIN,MUST,Implemented,COMPLETE,pkg/stream/stream.go,None,Stream creation
tor-spec.txt,6.2,RELAY_DATA,MUST,Implemented,COMPLETE,pkg/stream/stream.go,None,Data transfer
tor-spec.txt,6.3,RELAY_END,MUST,Implemented,COMPLETE,pkg/stream/stream.go,None,Stream closure
tor-spec.txt,6.4,RELAY_CONNECTED,MUST,Implemented,COMPLETE,pkg/stream/stream.go,None,Connection confirmation
tor-spec.txt,6.5,RELAY_EXTEND2,MUST,Implemented,COMPLETE,pkg/circuit/extension.go,None,Circuit extension
tor-spec.txt,6.6,RELAY_EXTENDED2,MUST,Implemented,COMPLETE,pkg/circuit/extension.go,None,Extension response
tor-spec.txt,7.1,Circuit Management,MUST,Implemented,COMPLETE,pkg/circuit/manager.go,None,Basic management
tor-spec.txt,7.2,Circuit Padding,MUST,Not Implemented,MISSING,N/A,Not implemented,Critical for traffic analysis resistance
tor-spec.txt,A.1,RSA-1024,MUST,Implemented,COMPLETE,pkg/crypto/rsa.go,None,Legacy support
tor-spec.txt,A.2,AES-128-CTR,MUST,Implemented,COMPLETE,pkg/crypto/aes.go,None,Stream cipher
tor-spec.txt,A.3,SHA-1,MUST,Implemented,COMPLETE,pkg/crypto/hash.go,None,Legacy hashing
tor-spec.txt,A.4,SHA-256,MUST,Implemented,COMPLETE,pkg/crypto/hash.go,None,Modern hashing
dir-spec.txt,1,Network Status,MUST,Implemented,COMPLETE,pkg/directory/directory.go,None,Consensus fetching
dir-spec.txt,2,Authority Operations,N/A,Not Implemented,N/A,N/A,Client only,Not needed for client
dir-spec.txt,3,Consensus Format,MUST,Implemented,PARTIAL,pkg/directory/directory.go,Basic parsing only,Need full validation
dir-spec.txt,3.4,Bandwidth Weights,MUST,Not Implemented,MISSING,N/A,Not implemented,Affects relay selection
dir-spec.txt,3.5,Microdescriptors,SHOULD,Not Implemented,MISSING,N/A,Not implemented,Uses full descriptors
dir-spec.txt,4,Router Descriptors,MUST,Implemented,PARTIAL,pkg/directory/directory.go,Basic parsing,Need full validation
dir-spec.txt,5,Relay Selection,MUST,Implemented,PARTIAL,pkg/path/path.go,Missing weights,Simple random selection
dir-spec.txt,5.1,Guard Selection,MUST,Implemented,COMPLETE,pkg/path/guards.go,None,With persistence
dir-spec.txt,5.2,Exit Selection,MUST,Implemented,PARTIAL,pkg/path/path.go,Basic only,Missing exit policy checks
dir-spec.txt,5.3,Family Exclusion,MUST,Not Implemented,MISSING,N/A,Not implemented,Security issue
rend-spec-v3.txt,1,Address Format,MUST,Implemented,COMPLETE,pkg/onion/onion.go,None,v3 .onion addresses
rend-spec-v3.txt,2,Key Blinding,MUST,Implemented,COMPLETE,pkg/onion/onion.go,None,SHA3-256 blinding
rend-spec-v3.txt,3,Time Periods,MUST,Implemented,COMPLETE,pkg/onion/onion.go,None,24-hour periods
rend-spec-v3.txt,4,Descriptor Format,MUST,Implemented,COMPLETE,pkg/onion/onion.go,None,Parsing and encoding
rend-spec-v3.txt,4.1,Descriptor ID,MUST,Implemented,COMPLETE,pkg/onion/onion.go,None,Computation correct
rend-spec-v3.txt,4.2,Descriptor Crypto,MUST,Implemented,PARTIAL,pkg/onion/onion.go,Need review,Signature verification needs audit
rend-spec-v3.txt,5,HSDir Selection,MUST,Implemented,COMPLETE,pkg/onion/onion.go,None,DHT-style routing
rend-spec-v3.txt,6,Descriptor Fetch,MUST,Implemented,COMPLETE,pkg/onion/onion.go,None,Basic fetching
rend-spec-v3.txt,7,Introduction Points,MUST,Implemented,COMPLETE,pkg/onion/onion.go,None,Client-side only
rend-spec-v3.txt,7.1,INTRODUCE1,MUST,Implemented,COMPLETE,pkg/onion/onion.go,None,Cell construction
rend-spec-v3.txt,8,Rendezvous,MUST,Implemented,COMPLETE,pkg/onion/onion.go,None,Client-side protocol
rend-spec-v3.txt,8.1,ESTABLISH_RENDEZVOUS,MUST,Implemented,COMPLETE,pkg/onion/onion.go,None,Point establishment
rend-spec-v3.txt,8.2,RENDEZVOUS1,MUST,Implemented,COMPLETE,pkg/onion/onion.go,None,Request handling
rend-spec-v3.txt,8.3,RENDEZVOUS2,MUST,Implemented,COMPLETE,pkg/onion/onion.go,None,Response handling
rend-spec-v3.txt,9,Client Authorization,SHOULD,Not Implemented,MISSING,N/A,Not implemented,Feature gap
rend-spec-v3.txt,10,Service-Side,SHOULD,Not Implemented,MISSING,N/A,Not implemented,Server not complete
control-spec.txt,2,Protocol Format,MUST,Implemented,COMPLETE,pkg/control/control.go,None,Basic format
control-spec.txt,3.1,SETCONF,SHOULD,Not Implemented,MISSING,N/A,Not implemented,Basic commands only
control-spec.txt,3.2,GETCONF,SHOULD,Implemented,COMPLETE,pkg/control/control.go,None,Basic support
control-spec.txt,3.3,SETEVENTS,MUST,Implemented,COMPLETE,pkg/control/control.go,None,Event subscription
control-spec.txt,3.4,AUTHENTICATE,MUST,Implemented,COMPLETE,pkg/control/control.go,None,Cookie auth
control-spec.txt,3.5,SAVECONF,SHOULD,Not Implemented,MISSING,N/A,Not implemented,Not needed
control-spec.txt,3.6,SIGNAL,SHOULD,Implemented,PARTIAL,pkg/control/control.go,Basic signals,Not all signals
control-spec.txt,3.7,MAPADDRESS,SHOULD,Not Implemented,MISSING,N/A,Not implemented,Feature gap
control-spec.txt,3.8,GETINFO,SHOULD,Implemented,PARTIAL,pkg/control/control.go,Basic info,Limited keys
control-spec.txt,3.9,EXTENDCIRCUIT,SHOULD,Not Implemented,MISSING,N/A,Not implemented,Feature gap
control-spec.txt,3.10,SETCIRCUITPURPOSE,SHOULD,Not Implemented,MISSING,N/A,Not implemented,Feature gap
control-spec.txt,3.11,ATTACHSTREAM,SHOULD,Not Implemented,MISSING,N/A,Not implemented,Feature gap
control-spec.txt,3.12,POSTDESCRIPTOR,SHOULD,Not Implemented,MISSING,N/A,Not implemented,Not needed for client
control-spec.txt,3.13,REDIRECTSTREAM,SHOULD,Not Implemented,MISSING,N/A,Not implemented,Feature gap
control-spec.txt,3.14,CLOSESTREAM,SHOULD,Not Implemented,MISSING,N/A,Not implemented,Feature gap
control-spec.txt,3.15,CLOSECIRCUIT,SHOULD,Not Implemented,MISSING,N/A,Not implemented,Feature gap
control-spec.txt,4.1,CIRC Events,MUST,Implemented,COMPLETE,pkg/control/events.go,None,Circuit lifecycle
control-spec.txt,4.2,STREAM Events,MUST,Implemented,COMPLETE,pkg/control/events.go,None,Stream lifecycle
control-spec.txt,4.3,ORCONN Events,SHOULD,Implemented,COMPLETE,pkg/control/events.go,None,Connection status
control-spec.txt,4.4,BW Events,SHOULD,Implemented,COMPLETE,pkg/control/events.go,None,Bandwidth reporting
control-spec.txt,4.5,NEWDESC Events,SHOULD,Implemented,COMPLETE,pkg/control/events.go,None,Descriptor updates
control-spec.txt,4.6,ADDRMAP Events,SHOULD,Not Implemented,MISSING,N/A,Not implemented,Feature gap
control-spec.txt,4.7,DESCCHANGED Events,SHOULD,Not Implemented,MISSING,N/A,Not implemented,Feature gap
control-spec.txt,4.8,NS Events,SHOULD,Implemented,COMPLETE,pkg/control/events.go,None,Network status
control-spec.txt,4.9,GUARD Events,SHOULD,Implemented,COMPLETE,pkg/control/events.go,None,Guard lifecycle
address-spec.txt,1,.onion Addresses,MUST,Implemented,COMPLETE,pkg/onion/onion.go,None,v3 addresses
address-spec.txt,2,Special Addresses,MUST,Implemented,COMPLETE,pkg/socks/socks.go,None,.onion handling
padding-spec.txt,1,Circuit Padding,MUST,Not Implemented,MISSING,N/A,Not implemented,Critical security feature
padding-spec.txt,2,Negotiation,MUST,Not Implemented,MISSING,N/A,Not implemented,Not applicable without padding
padding-spec.txt,3,Machines,MUST,Not Implemented,MISSING,N/A,Not implemented,Not applicable without padding
prop224-spec.txt,1,Overview,N/A,Implemented,COMPLETE,pkg/onion/onion.go,None,v3 onion services
prop224-spec.txt,2,Encoding,MUST,Implemented,COMPLETE,pkg/onion/onion.go,None,Address encoding
prop224-spec.txt,3,Descriptor,MUST,Implemented,COMPLETE,pkg/onion/onion.go,None,Format implemented
